,accuracy,precision,recall,f1_score
Random Forest,1.0,1.0,1.0,1.0
SVM,0.9310344827586207,0.9402298850574712,0.9310344827586207,0.9311986863711003
KNN,0.8620689655172413,0.8945233265720082,0.8620689655172413,0.8614121510673235
