Model,Accuracy
Random Forest,0.9655172413793104
SVM,0.9310344827586207
KNN,0.8620689655172413
