Model,Accuracy
Random Forest,0.896551724137931
SVM,0.896551724137931
KNN,0.8275862068965517
